Federal organization,Fiscal year,GHG source,GHG scope,Energy category,Energy use (GJ),Emissions (t)
National Defence,FY 2005-06,facilities,1,Natural gas,5807777.17,288870.88
National Defence,FY 2005-06,facilities,1,Liquified petroleum gas,48244.37,2943.07
National Defence,FY 2005-06,facilities,1,"Fuel oil (1, 2, 4, 5, 6, diesel, kerosene)",1305193.88,95389.11
National Defence,FY 2005-06,facilities,1,Aviation fuels,386973.38,26322.46
National Defence,FY 2005-06,facilities,2,Electricity,3533821.46,320839.25
National Defence,FY 2005-06,facilities,2,District energy,54566,4390.26
National Defence,FY 2005-06,fleets,1,Liquified petroleum gas,2969.24,179.72
National Defence,FY 2005-06,fleets,1,Gasoline,373573.34,25168.32
National Defence,FY 2005-06,fleets,1,"Fuel oil (1, 2, 4, 5, 6, diesel, kerosene)",247997.75,17739.61
National Defence,FY 2005-06,fleets,1,Fuels with renewable content,11079.66,696.5
National Defence,FY 2010-11,facilities,1,Natural gas,6117251.17,304263.69
National Defence,FY 2010-11,facilities,1,Liquified petroleum gas,41090.94,2506.69
National Defence,FY 2010-11,facilities,1,Gasoline,0.52,0.03
National Defence,FY 2010-11,facilities,1,"Fuel oil (1, 2, 4, 5, 6, diesel, kerosene)",1286326.15,93698.86
National Defence,FY 2010-11,facilities,1,Aviation fuels,296126.88,20142.96
National Defence,FY 2010-11,facilities,2,Electricity,3669229.17,293815.5
National Defence,FY 2010-11,facilities,2,District energy,47393.22,3915.47
National Defence,FY 2010-11,fleets,1,Natural gas,3.23E-03,1.79E-04
National Defence,FY 2010-11,fleets,1,Liquified petroleum gas,18.9,1.14
National Defence,FY 2010-11,fleets,1,Gasoline,208471.34,13360.2
National Defence,FY 2010-11,fleets,1,"Fuel oil (1, 2, 4, 5, 6, diesel, kerosene)",295206.16,21466.08
National Defence,FY 2010-11,fleets,1,Fuels with renewable content,199445.53,12532.55
National Defence,FY 2011-12,facilities,1,Natural gas,5642097.8,280630.21
National Defence,FY 2011-12,facilities,1,Liquified petroleum gas,48201.97,2940.49
National Defence,FY 2011-12,facilities,1,"Fuel oil (1, 2, 4, 5, 6, diesel, kerosene)",1313792.08,95654.86
National Defence,FY 2011-12,facilities,1,Aviation fuels,379031.6,25782.25
National Defence,FY 2011-12,facilities,2,Electricity,3535686.82,255545.96
National Defence,FY 2011-12,facilities,2,District energy,10934,895.38
National Defence,FY 2011-12,fleets,1,Natural gas,6.73E-03,3.72E-04
National Defence,FY 2011-12,fleets,1,Liquified petroleum gas,2613.53,158.19
National Defence,FY 2011-12,fleets,1,Gasoline,206585.01,13239.46
National Defence,FY 2011-12,fleets,1,"Fuel oil (1, 2, 4, 5, 6, diesel, kerosene)",288245.88,20889.27
National Defence,FY 2011-12,fleets,1,Aviation fuels,1047.68,73.02
National Defence,FY 2011-12,fleets,1,Fuels with renewable content,98551.97,6184.59
National Defence,FY 2012-13,facilities,1,Natural gas,5624426.07,279751.24
National Defence,FY 2012-13,facilities,1,Liquified petroleum gas,36539.64,2229.04
National Defence,FY 2012-13,facilities,1,"Fuel oil (1, 2, 4, 5, 6, diesel, kerosene)",1585920.28,114043.15
National Defence,FY 2012-13,facilities,1,Aviation fuels,80274.83,5460.4
National Defence,FY 2012-13,facilities,2,Electricity,3480170.88,252697.17
National Defence,FY 2012-13,facilities,2,District energy,1508,111.64
National Defence,FY 2012-13,fleets,1,Natural gas,0.01,8.06E-04
National Defence,FY 2012-13,fleets,1,Liquified petroleum gas,2311.96,139.94
National Defence,FY 2012-13,fleets,1,Gasoline,191689.89,12284.8
National Defence,FY 2012-13,fleets,1,"Fuel oil (1, 2, 4, 5, 6, diesel, kerosene)",264188.48,19177.8
National Defence,FY 2012-13,fleets,1,Fuels with renewable content,84503.02,5294.9
National Defence,FY 2013-14,facilities,1,Natural gas,6292621.74,312986.38
National Defence,FY 2013-14,facilities,1,Liquified petroleum gas,46169.67,2816.51
National Defence,FY 2013-14,facilities,1,"Fuel oil (1, 2, 4, 5, 6, diesel, kerosene)",1261592.4,90523.85
National Defence,FY 2013-14,facilities,1,Aviation fuels,374019.37,25441.31
National Defence,FY 2013-14,facilities,2,Electricity,3347267.77,244934.32
National Defence,FY 2013-14,facilities,2,District energy,1311,87.4
National Defence,FY 2013-14,fleets,1,Liquified petroleum gas,1748.79,105.85
National Defence,FY 2013-14,fleets,1,Gasoline,153663.23,9847.89
National Defence,FY 2013-14,fleets,1,"Fuel oil (1, 2, 4, 5, 6, diesel, kerosene)",255331.13,18629.1
National Defence,FY 2013-14,fleets,1,Fuels with renewable content,79566.28,4983.38
National Defence,FY 2014-15,facilities,1,Natural gas,6453502.2,320988.36
National Defence,FY 2014-15,facilities,1,Liquified petroleum gas,34929.73,2130.83
National Defence,FY 2014-15,facilities,1,Gasoline,7,0.46
National Defence,FY 2014-15,facilities,1,"Fuel oil (1, 2, 4, 5, 6, diesel, kerosene)",1160705.56,83155.36
National Defence,FY 2014-15,facilities,1,Aviation fuels,334366.61,22744.08
National Defence,FY 2014-15,facilities,2,Electricity,3299585.68,218559.44
National Defence,FY 2014-15,facilities,2,District energy,1456.36,95.64
National Defence,FY 2014-15,fleets,1,Liquified petroleum gas,1185.59,71.76
National Defence,FY 2014-15,fleets,1,Gasoline,149598.64,9587.25
National Defence,FY 2014-15,fleets,1,"Fuel oil (1, 2, 4, 5, 6, diesel, kerosene)",251687.58,18409.07
National Defence,FY 2014-15,fleets,1,Fuels with renewable content,84662.48,5304.14
National Defence,FY 2015-16,facilities,1,Natural gas,5995492.64,298207.59
National Defence,FY 2015-16,facilities,1,Liquified petroleum gas,52605.99,3209.15
National Defence,FY 2015-16,facilities,1,"Fuel oil (1, 2, 4, 5, 6, diesel, kerosene)",762874.1,54329.04
National Defence,FY 2015-16,facilities,1,Aviation fuels,302489.56,20575.76
National Defence,FY 2015-16,facilities,2,Electricity,3314284.64,213049.58
National Defence,FY 2015-16,facilities,2,District energy,35307,2930.3
National Defence,FY 2015-16,fleets,1,Liquified petroleum gas,1243.63,75.27
National Defence,FY 2015-16,fleets,1,Gasoline,145150.14,9302.2
National Defence,FY 2015-16,fleets,1,"Fuel oil (1, 2, 4, 5, 6, diesel, kerosene)",240853.11,17562.68
National Defence,FY 2015-16,fleets,1,Fuels with renewable content,77406.83,4860.4
National Defence,FY 2016-17,facilities,1,Natural gas,6160052.77,306392.58
National Defence,FY 2016-17,facilities,1,Liquified petroleum gas,57717.61,3520.97
National Defence,FY 2016-17,facilities,1,"Fuel oil (1, 2, 4, 5, 6, diesel, kerosene)",779304.98,55495.71
National Defence,FY 2016-17,facilities,1,Aviation fuels,295304.37,20087.01
National Defence,FY 2016-17,facilities,2,Electricity,3356466.29,214539.45
National Defence,FY 2016-17,facilities,2,District energy,40048,3323.78
National Defence,FY 2016-17,fleets,1,Liquified petroleum gas,804.83,48.71
National Defence,FY 2016-17,fleets,1,Gasoline,144622.2,9268.38
National Defence,FY 2016-17,fleets,1,"Fuel oil (1, 2, 4, 5, 6, diesel, kerosene)",239558.62,17494.89
National Defence,FY 2016-17,fleets,1,Fuels with renewable content,70769.15,4447.57
Public Services and Procurement Canada,FY 2005-06,facilities,1,Natural gas,1060379.95,52741.84
Public Services and Procurement Canada,FY 2005-06,facilities,1,Liquified petroleum gas,6996.88,426.83
Public Services and Procurement Canada,FY 2005-06,facilities,1,"Fuel oil (1, 2, 4, 5, 6, diesel, kerosene)",112994.65,7965.02
Public Services and Procurement Canada,FY 2005-06,facilities,2,Electricity,3292808.25,128475.09
Public Services and Procurement Canada,FY 2005-06,facilities,2,District energy,1119038.2,79495.39
Public Services and Procurement Canada,FY 2005-06,fleets,1,Natural gas,0.04,2.27E-03
Public Services and Procurement Canada,FY 2005-06,fleets,1,Liquified petroleum gas,64.03,3.87
Public Services and Procurement Canada,FY 2005-06,fleets,1,Gasoline,20349.69,1371.12
Public Services and Procurement Canada,FY 2005-06,fleets,1,"Fuel oil (1, 2, 4, 5, 6, diesel, kerosene)",1543.32,115.81
Public Services and Procurement Canada,FY 2005-06,fleets,1,Fuels with renewable content,408.03,25.65
Public Services and Procurement Canada,FY 2010-11,facilities,1,Natural gas,1004604.67,49967.66
Public Services and Procurement Canada,FY 2010-11,facilities,1,Liquified petroleum gas,4662.46,284.42
Public Services and Procurement Canada,FY 2010-11,facilities,1,"Fuel oil (1, 2, 4, 5, 6, diesel, kerosene)",79986.64,5638.28
Public Services and Procurement Canada,FY 2010-11,facilities,2,Electricity,3180126.43,91503.99
Public Services and Procurement Canada,FY 2010-11,facilities,2,District energy,1015560.79,70973.32
Public Services and Procurement Canada,FY 2010-11,fleets,1,Natural gas,1.07E-03,5.90E-05
Public Services and Procurement Canada,FY 2010-11,fleets,1,Gasoline,12746.37,816.98
Public Services and Procurement Canada,FY 2010-11,fleets,1,"Fuel oil (1, 2, 4, 5, 6, diesel, kerosene)",4434.11,318.7
Public Services and Procurement Canada,FY 2010-11,fleets,1,Fuels with renewable content,1699.38,106.64
Public Services and Procurement Canada,FY 2011-12,facilities,1,Natural gas,909361.56,45230.39
Public Services and Procurement Canada,FY 2011-12,facilities,1,Liquified petroleum gas,8563.68,522.41
Public Services and Procurement Canada,FY 2011-12,facilities,1,"Fuel oil (1, 2, 4, 5, 6, diesel, kerosene)",71301.67,5026.03
Public Services and Procurement Canada,FY 2011-12,facilities,2,Electricity,3093277.62,70398.5
Public Services and Procurement Canada,FY 2011-12,facilities,2,District energy,937061.42,65388.52
Public Services and Procurement Canada,FY 2011-12,fleets,1,Gasoline,12316.48,789.48
Public Services and Procurement Canada,FY 2011-12,fleets,1,"Fuel oil (1, 2, 4, 5, 6, diesel, kerosene)",3485.11,251.01
Public Services and Procurement Canada,FY 2011-12,fleets,1,Fuels with renewable content,2006.63,125.67
Public Services and Procurement Canada,FY 2012-13,facilities,1,Natural gas,1006242.32,50049.11
Public Services and Procurement Canada,FY 2012-13,facilities,1,Liquified petroleum gas,9683.39,590.72
Public Services and Procurement Canada,FY 2012-13,facilities,1,"Fuel oil (1, 2, 4, 5, 6, diesel, kerosene)",69987.34,4947.88
Public Services and Procurement Canada,FY 2012-13,facilities,2,Electricity,3131475.1,76614.29
Public Services and Procurement Canada,FY 2012-13,facilities,2,District energy,928906.14,65216.77
Public Services and Procurement Canada,FY 2012-13,fleets,1,Gasoline,10387.3,665.1
Public Services and Procurement Canada,FY 2012-13,fleets,1,"Fuel oil (1, 2, 4, 5, 6, diesel, kerosene)",3791.06,273.61
Public Services and Procurement Canada,FY 2012-13,fleets,1,Fuels with renewable content,1677.17,77.06
Public Services and Procurement Canada,FY 2013-14,facilities,1,Natural gas,1215554.74,60460.02
Public Services and Procurement Canada,FY 2013-14,facilities,1,Liquified petroleum gas,10222.6,623.61
Public Services and Procurement Canada,FY 2013-14,facilities,1,"Fuel oil (1, 2, 4, 5, 6, diesel, kerosene)",70938.48,5000.43
Public Services and Procurement Canada,FY 2013-14,facilities,2,Electricity,3176501.93,58115.5
Public Services and Procurement Canada,FY 2013-14,facilities,2,District energy,874037.12,62507.68
Public Services and Procurement Canada,FY 2013-14,fleets,1,Gasoline,9287.91,594.92
Public Services and Procurement Canada,FY 2013-14,fleets,1,"Fuel oil (1, 2, 4, 5, 6, diesel, kerosene)",4797.33,350.52
Public Services and Procurement Canada,FY 2013-14,fleets,1,Fuels with renewable content,2185.08,136.91
Public Services and Procurement Canada,FY 2014-15,facilities,1,Natural gas,1258692.58,62605.64
Public Services and Procurement Canada,FY 2014-15,facilities,1,Liquified petroleum gas,9793.93,597.46
Public Services and Procurement Canada,FY 2014-15,facilities,1,"Fuel oil (1, 2, 4, 5, 6, diesel, kerosene)",71033.39,5007.12
Public Services and Procurement Canada,FY 2014-15,facilities,2,Electricity,3072688.88,44241.83
Public Services and Procurement Canada,FY 2014-15,facilities,2,District energy,855759.92,61626.49
Public Services and Procurement Canada,FY 2014-15,fleets,1,Liquified petroleum gas,0.02,1.53E-03
Public Services and Procurement Canada,FY 2014-15,fleets,1,Gasoline,11668.75,747.81
Public Services and Procurement Canada,FY 2014-15,fleets,1,"Fuel oil (1, 2, 4, 5, 6, diesel, kerosene)",1859.73,134.33
Public Services and Procurement Canada,FY 2014-15,fleets,1,Fuels with renewable content,1424.43,23.26
Public Services and Procurement Canada,FY 2015-16,facilities,1,Natural gas,1031403.97,51300.62
Public Services and Procurement Canada,FY 2015-16,facilities,1,Liquified petroleum gas,9704.99,592.04
Public Services and Procurement Canada,FY 2015-16,facilities,1,"Fuel oil (1, 2, 4, 5, 6, diesel, kerosene)",62915.77,4434.91
Public Services and Procurement Canada,FY 2015-16,facilities,2,Electricity,2896507,69370.09
Public Services and Procurement Canada,FY 2015-16,facilities,2,District energy,798450.0479,55838.9997
Public Services and Procurement Canada,FY 2015-16,fleets,1,Gasoline,10932.53,700.61
Public Services and Procurement Canada,FY 2015-16,fleets,1,"Fuel oil (1, 2, 4, 5, 6, diesel, kerosene)",3359.94,239.49
Public Services and Procurement Canada,FY 2016-17,facilities,1,Natural gas,1072775.29,53358.37
Public Services and Procurement Canada,FY 2016-17,facilities,1,Liquified petroleum gas,9416.59,574.44
Public Services and Procurement Canada,FY 2016-17,facilities,1,"Fuel oil (1, 2, 4, 5, 6, diesel, kerosene)",63064.96,4445.42
Public Services and Procurement Canada,FY 2016-17,facilities,2,Electricity,2899654.44,41426.49
Public Services and Procurement Canada,FY 2016-17,facilities,2,District energy,815928.28,56953.29
Public Services and Procurement Canada,FY 2016-17,fleets,1,Gasoline,10243.03,656.43
Public Services and Procurement Canada,FY 2016-17,fleets,1,"Fuel oil (1, 2, 4, 5, 6, diesel, kerosene)",3099.65,220.94
Agriculture and Agri-Food Canada,FY 2005-06,facilities,1,Natural gas,452751.99,22519.26
Agriculture and Agri-Food Canada,FY 2005-06,facilities,1,Liquified petroleum gas,1769.3,107.93
Agriculture and Agri-Food Canada,FY 2005-06,facilities,1,"Fuel oil (1, 2, 4, 5, 6, diesel, kerosene)",59955.49,4231.27
Agriculture and Agri-Food Canada,FY 2005-06,facilities,2,Electricity,524275.28,52417.81
Agriculture and Agri-Food Canada,FY 2005-06,facilities,2,District energy,154871,11228.5
Agriculture and Agri-Food Canada,FY 2005-06,fleets,1,Liquified petroleum gas,68.28,4.13
Agriculture and Agri-Food Canada,FY 2005-06,fleets,1,Gasoline,68145.91,4591.68
Agriculture and Agri-Food Canada,FY 2005-06,fleets,1,"Fuel oil (1, 2, 4, 5, 6, diesel, kerosene)",41332.36,3168.36
Agriculture and Agri-Food Canada,FY 2005-06,fleets,1,Fuels with renewable content,14431.98,611.8
Agriculture and Agri-Food Canada,FY 2010-11,facilities,1,Natural gas,487357.72,24240.5
Agriculture and Agri-Food Canada,FY 2010-11,facilities,1,Liquified petroleum gas,1041.67,63.54
Agriculture and Agri-Food Canada,FY 2010-11,facilities,1,"Fuel oil (1, 2, 4, 5, 6, diesel, kerosene)",43348.97,3055.65
Agriculture and Agri-Food Canada,FY 2010-11,facilities,2,Electricity,469326.79,46228.79
Agriculture and Agri-Food Canada,FY 2010-11,facilities,2,District energy,121579.12,9297.93
Agriculture and Agri-Food Canada,FY 2010-11,fleets,1,Natural gas,0.02,1.61E-03
Agriculture and Agri-Food Canada,FY 2010-11,fleets,1,Gasoline,40747.66,2611.81
Agriculture and Agri-Food Canada,FY 2010-11,fleets,1,"Fuel oil (1, 2, 4, 5, 6, diesel, kerosene)",42780.6,3278.89
Agriculture and Agri-Food Canada,FY 2010-11,fleets,1,Fuels with renewable content,17497.65,884.14
Agriculture and Agri-Food Canada,FY 2011-12,facilities,1,Natural gas,451914.49,22477.6
Agriculture and Agri-Food Canada,FY 2011-12,facilities,1,Liquified petroleum gas,866.96,52.88
Agriculture and Agri-Food Canada,FY 2011-12,facilities,1,"Fuel oil (1, 2, 4, 5, 6, diesel, kerosene)",42760.47,3014.17
Agriculture and Agri-Food Canada,FY 2011-12,facilities,2,Electricity,459553.88,40389.66
Agriculture and Agri-Food Canada,FY 2011-12,facilities,2,District energy,113769,8744.63
Agriculture and Agri-Food Canada,FY 2011-12,fleets,1,Natural gas,6.19E-03,3.42E-04
Agriculture and Agri-Food Canada,FY 2011-12,fleets,1,Liquified petroleum gas,23.23,1.4
Agriculture and Agri-Food Canada,FY 2011-12,fleets,1,Gasoline,49424.66,3167.89
Agriculture and Agri-Food Canada,FY 2011-12,fleets,1,"Fuel oil (1, 2, 4, 5, 6, diesel, kerosene)",43460.4,3294.6
Agriculture and Agri-Food Canada,FY 2011-12,fleets,1,Fuels with renewable content,21330.05,1223.64
Agriculture and Agri-Food Canada,FY 2012-13,facilities,1,Natural gas,472787.12,23515.78
Agriculture and Agri-Food Canada,FY 2012-13,facilities,1,Liquified petroleum gas,2605.58,158.95
Agriculture and Agri-Food Canada,FY 2012-13,facilities,1,"Fuel oil (1, 2, 4, 5, 6, diesel, kerosene)",38482.89,2712.91
Agriculture and Agri-Food Canada,FY 2012-13,facilities,2,Electricity,463884.78,42524.77
Agriculture and Agri-Food Canada,FY 2012-13,facilities,2,District energy,85865,7000.94
Agriculture and Agri-Food Canada,FY 2012-13,fleets,1,Natural gas,0.01,5.94E-04
Agriculture and Agri-Food Canada,FY 2012-13,fleets,1,Liquified petroleum gas,60.66,3.67
Agriculture and Agri-Food Canada,FY 2012-13,fleets,1,Gasoline,53793.18,3448.62
Agriculture and Agri-Food Canada,FY 2012-13,fleets,1,"Fuel oil (1, 2, 4, 5, 6, diesel, kerosene)",36279.8,2719.79
Agriculture and Agri-Food Canada,FY 2012-13,fleets,1,Fuels with renewable content,18272.93,1049.2
Agriculture and Agri-Food Canada,FY 2013-14,facilities,1,Natural gas,540121.89,26864.92
Agriculture and Agri-Food Canada,FY 2013-14,facilities,1,Liquified petroleum gas,2785.49,169.92
Agriculture and Agri-Food Canada,FY 2013-14,facilities,1,"Fuel oil (1, 2, 4, 5, 6, diesel, kerosene)",42152.14,2971.56
Agriculture and Agri-Food Canada,FY 2013-14,facilities,2,Electricity,455846.6,37340.02
Agriculture and Agri-Food Canada,FY 2013-14,facilities,2,District energy,81635.4,6734.88
Agriculture and Agri-Food Canada,FY 2013-14,fleets,1,Liquified petroleum gas,58.84,3.56
Agriculture and Agri-Food Canada,FY 2013-14,fleets,1,Gasoline,43037.78,2758.34
Agriculture and Agri-Food Canada,FY 2013-14,fleets,1,"Fuel oil (1, 2, 4, 5, 6, diesel, kerosene)",43602.27,3307.87
Agriculture and Agri-Food Canada,FY 2013-14,fleets,1,Fuels with renewable content,16170.98,957.29
Agriculture and Agri-Food Canada,FY 2014-15,facilities,1,Natural gas,518947.28,25811.72
Agriculture and Agri-Food Canada,FY 2014-15,facilities,1,Liquified petroleum gas,1396.62,85.19
Agriculture and Agri-Food Canada,FY 2014-15,facilities,1,"Fuel oil (1, 2, 4, 5, 6, diesel, kerosene)",45312.71,3200.55
Agriculture and Agri-Food Canada,FY 2014-15,facilities,2,Electricity,427400.64,35417.75
Agriculture and Agri-Food Canada,FY 2014-15,facilities,2,District energy,50390,4182.11
Agriculture and Agri-Food Canada,FY 2014-15,fleets,1,Natural gas,1.14,0.06
Agriculture and Agri-Food Canada,FY 2014-15,fleets,1,Liquified petroleum gas,11.61,0.7
Agriculture and Agri-Food Canada,FY 2014-15,fleets,1,Gasoline,31558.33,2022.61
Agriculture and Agri-Food Canada,FY 2014-15,fleets,1,"Fuel oil (1, 2, 4, 5, 6, diesel, kerosene)",36849.08,2787.89
Agriculture and Agri-Food Canada,FY 2014-15,fleets,1,Fuels with renewable content,18779.75,1116.79
Agriculture and Agri-Food Canada,FY 2015-16,facilities,1,Natural gas,458735.1,22816.85
Agriculture and Agri-Food Canada,FY 2015-16,facilities,1,Liquified petroleum gas,846.54,51.64
Agriculture and Agri-Food Canada,FY 2015-16,facilities,1,"Fuel oil (1, 2, 4, 5, 6, diesel, kerosene)",41076.52,2898.69
Agriculture and Agri-Food Canada,FY 2015-16,facilities,2,Electricity,442918.71,34342.37
Agriculture and Agri-Food Canada,FY 2015-16,facilities,2,District energy,96690,8024.78
Agriculture and Agri-Food Canada,FY 2015-16,fleets,1,Natural gas,1.08,0.05
Agriculture and Agri-Food Canada,FY 2015-16,fleets,1,Liquified petroleum gas,1.5,0.09
Agriculture and Agri-Food Canada,FY 2015-16,fleets,1,Gasoline,39403.35,2525.88
Agriculture and Agri-Food Canada,FY 2015-16,fleets,1,"Fuel oil (1, 2, 4, 5, 6, diesel, kerosene)",32391.89,2431.78
Agriculture and Agri-Food Canada,FY 2015-16,fleets,1,Fuels with renewable content,12376.28,722.61
Agriculture and Agri-Food Canada,FY 2016-17,facilities,1,Natural gas,509730.9,25353.31
Agriculture and Agri-Food Canada,FY 2016-17,facilities,1,Liquified petroleum gas,944.69,57.62
Agriculture and Agri-Food Canada,FY 2016-17,facilities,1,"Fuel oil (1, 2, 4, 5, 6, diesel, kerosene)",44854.16,3166.93
Agriculture and Agri-Food Canada,FY 2016-17,facilities,2,Electricity,450200.71,33576.05
Agriculture and Agri-Food Canada,FY 2016-17,facilities,2,District energy,48153,3996.45
Agriculture and Agri-Food Canada,FY 2016-17,fleets,1,Liquified petroleum gas,3.34,0.2
Agriculture and Agri-Food Canada,FY 2016-17,fleets,1,Gasoline,32818.08,2103.5
Agriculture and Agri-Food Canada,FY 2016-17,fleets,1,"Fuel oil (1, 2, 4, 5, 6, diesel, kerosene)",33326.15,2515.84
Agriculture and Agri-Food Canada,FY 2016-17,fleets,1,Fuels with renewable content,10630.82,630.55
Transport Canada,FY 2005-06,facilities,1,Natural gas,2139.57,106.41
Transport Canada,FY 2005-06,facilities,1,Liquified petroleum gas,3250.89,198.31
Transport Canada,FY 2005-06,facilities,1,"Fuel oil (1, 2, 4, 5, 6, diesel, kerosene)",15147.49,1078.82
Transport Canada,FY 2005-06,facilities,2,Electricity,56454.63,139.54
Transport Canada,FY 2005-06,fleets,1,Natural gas,0.03,2.20E-03
Transport Canada,FY 2005-06,fleets,1,Liquified petroleum gas,2032.81,123.04
Transport Canada,FY 2005-06,fleets,1,Gasoline,26505.19,1785.74
Transport Canada,FY 2005-06,fleets,1,"Fuel oil (1, 2, 4, 5, 6, diesel, kerosene)",574779.82,45126.7
Transport Canada,FY 2005-06,fleets,1,Aviation fuels,196710.39,13720.97
Transport Canada,FY 2005-06,fleets,1,Fuels with renewable content,94.24,1.53
Transport Canada,FY 2010-11,facilities,1,Natural gas,2554.42,127.05
Transport Canada,FY 2010-11,facilities,1,Liquified petroleum gas,2476.63,151.08
Transport Canada,FY 2010-11,facilities,1,"Fuel oil (1, 2, 4, 5, 6, diesel, kerosene)",21241.44,1508.03
Transport Canada,FY 2010-11,facilities,2,Electricity,55260.42,255.82
Transport Canada,FY 2010-11,fleets,1,Liquified petroleum gas,1887.61,114.25
Transport Canada,FY 2010-11,fleets,1,Gasoline,22231.01,1424.76
Transport Canada,FY 2010-11,fleets,1,"Fuel oil (1, 2, 4, 5, 6, diesel, kerosene)",553626.45,43464.92
Transport Canada,FY 2010-11,fleets,1,Aviation fuels,152874.67,10658.46
Transport Canada,FY 2010-11,fleets,1,Fuels with renewable content,2686.65,166.84
Transport Canada,FY 2011-12,facilities,1,Natural gas,2997.9,149.11
Transport Canada,FY 2011-12,facilities,1,Liquified petroleum gas,3059.71,186.65
Transport Canada,FY 2011-12,facilities,1,"Fuel oil (1, 2, 4, 5, 6, diesel, kerosene)",16695.02,1188.87
Transport Canada,FY 2011-12,facilities,2,Electricity,56146.2,242.76
Transport Canada,FY 2011-12,fleets,1,Liquified petroleum gas,2032.82,123.04
Transport Canada,FY 2011-12,fleets,1,Gasoline,18741.76,1201.14
Transport Canada,FY 2011-12,fleets,1,"Fuel oil (1, 2, 4, 5, 6, diesel, kerosene)",570732.84,44807.25
Transport Canada,FY 2011-12,fleets,1,Aviation fuels,87143.4,6074.55
Transport Canada,FY 2011-12,fleets,1,Fuels with renewable content,3065.1,191.86
Transport Canada,FY 2012-13,facilities,1,Natural gas,2854.96,142
Transport Canada,FY 2012-13,facilities,1,Liquified petroleum gas,2620.36,159.85
Transport Canada,FY 2012-13,facilities,1,"Fuel oil (1, 2, 4, 5, 6, diesel, kerosene)",19504.51,1391.78
Transport Canada,FY 2012-13,facilities,2,Electricity,52359.69,257.83
Transport Canada,FY 2012-13,fleets,1,Liquified petroleum gas,1887.61,114.25
Transport Canada,FY 2012-13,fleets,1,Gasoline,15204.85,974.48
Transport Canada,FY 2012-13,fleets,1,"Fuel oil (1, 2, 4, 5, 6, diesel, kerosene)",548485.65,43060.69
Transport Canada,FY 2012-13,fleets,1,Aviation fuels,95944.16,6687.87
Transport Canada,FY 2012-13,fleets,1,Fuels with renewable content,2855.68,178.4
Transport Canada,FY 2013-14,facilities,1,Natural gas,3278.94,163.09
Transport Canada,FY 2013-14,facilities,1,Liquified petroleum gas,2815.49,171.75
Transport Canada,FY 2013-14,facilities,1,"Fuel oil (1, 2, 4, 5, 6, diesel, kerosene)",18763.53,1346.84
Transport Canada,FY 2013-14,facilities,2,Electricity,52152.79,249.8
Transport Canada,FY 2013-14,fleets,1,Liquified petroleum gas,1887.61,114.25
Transport Canada,FY 2013-14,fleets,1,Gasoline,15024.38,962.93
Transport Canada,FY 2013-14,fleets,1,"Fuel oil (1, 2, 4, 5, 6, diesel, kerosene)",542509.42,42592.1
Transport Canada,FY 2013-14,fleets,1,Aviation fuels,138026.04,9621.22
Transport Canada,FY 2013-14,fleets,1,Fuels with renewable content,3142.64,196.91
Transport Canada,FY 2014-15,facilities,1,Natural gas,2616.93,130.16
Transport Canada,FY 2014-15,facilities,1,Liquified petroleum gas,3199.95,195.2
Transport Canada,FY 2014-15,facilities,1,"Fuel oil (1, 2, 4, 5, 6, diesel, kerosene)",24579.9,1758.25
Transport Canada,FY 2014-15,facilities,2,Electricity,49834.5,222.69
Transport Canada,FY 2014-15,fleets,1,Liquified petroleum gas,1887.61,114.25
Transport Canada,FY 2014-15,fleets,1,Gasoline,14544.28,932.17
Transport Canada,FY 2014-15,fleets,1,"Fuel oil (1, 2, 4, 5, 6, diesel, kerosene)",556205.11,43666.38
Transport Canada,FY 2014-15,fleets,1,Aviation fuels,122033.05,8506.42
Transport Canada,FY 2014-15,fleets,1,Fuels with renewable content,3069.84,192.42
Transport Canada,FY 2015-16,facilities,1,Natural gas,3055.84,151.99
Transport Canada,FY 2015-16,facilities,1,Liquified petroleum gas,2732.3,166.68
Transport Canada,FY 2015-16,facilities,1,"Fuel oil (1, 2, 4, 5, 6, diesel, kerosene)",26232.98,1885.08
Transport Canada,FY 2015-16,facilities,2,Electricity,52204.92,235.6
Transport Canada,FY 2015-16,fleets,1,Gasoline,14242.66,912.75
Transport Canada,FY 2015-16,fleets,1,"Fuel oil (1, 2, 4, 5, 6, diesel, kerosene)",522954.79,41056.83
Transport Canada,FY 2015-16,fleets,1,Aviation fuels,53304.27,3715.62
Transport Canada,FY 2015-16,fleets,1,Fuels with renewable content,3142.64,196.91
Transport Canada,FY 2016-17,facilities,1,Natural gas,3956.82,196.8
Transport Canada,FY 2016-17,facilities,1,Liquified petroleum gas,2941.3,179.42
Transport Canada,FY 2016-17,facilities,1,"Fuel oil (1, 2, 4, 5, 6, diesel, kerosene)",28628.61,2053.59
Transport Canada,FY 2016-17,facilities,2,Electricity,54750.88,144.44
Transport Canada,FY 2016-17,fleets,1,Gasoline,25784.4,1652.51
Transport Canada,FY 2016-17,fleets,1,"Fuel oil (1, 2, 4, 5, 6, diesel, kerosene)",651656.31,51160.65
Transport Canada,FY 2016-17,fleets,1,Aviation fuels,56735.12,3954.77
Transport Canada,FY 2016-17,fleets,1,Fuels with renewable content,5873.08,363.93
Parks Canada,FY 2005-06,facilities,1,Natural gas,72615.29,3611.78
Parks Canada,FY 2005-06,facilities,1,Liquified petroleum gas,51971.4,3170.44
Parks Canada,FY 2005-06,facilities,1,"Fuel oil (1, 2, 4, 5, 6, diesel, kerosene)",80310.68,5718.13
Parks Canada,FY 2005-06,facilities,2,Electricity,170954.24,14470.38
Parks Canada,FY 2005-06,fleets,1,Natural gas,0.38,0.02
Parks Canada,FY 2005-06,fleets,1,Liquified petroleum gas,2028.54,122.78
Parks Canada,FY 2005-06,fleets,1,Gasoline,82355.66,5543.61
Parks Canada,FY 2005-06,fleets,1,"Fuel oil (1, 2, 4, 5, 6, diesel, kerosene)",55447.17,3982.71
Parks Canada,FY 2005-06,fleets,1,Fuels with renewable content,29211.8,1836.35
Parks Canada,FY 2010-11,facilities,1,Natural gas,81983.87,4077.76
Parks Canada,FY 2010-11,facilities,1,Liquified petroleum gas,48818.76,2978.11
Parks Canada,FY 2010-11,facilities,1,"Fuel oil (1, 2, 4, 5, 6, diesel, kerosene)",76300.82,5424.5
Parks Canada,FY 2010-11,facilities,2,Electricity,170120.39,12915.41
Parks Canada,FY 2010-11,fleets,1,Natural gas,0.46,0.02
Parks Canada,FY 2010-11,fleets,1,Liquified petroleum gas,614.14,37.17
Parks Canada,FY 2010-11,fleets,1,Gasoline,79374.47,5082
Parks Canada,FY 2010-11,fleets,1,"Fuel oil (1, 2, 4, 5, 6, diesel, kerosene)",76574.45,5417.38
Parks Canada,FY 2010-11,fleets,1,Fuels with renewable content,29926.68,1881.29
Parks Canada,FY 2011-12,facilities,1,Natural gas,73374.78,3649.56
Parks Canada,FY 2011-12,facilities,1,Liquified petroleum gas,44980.15,2743.94
Parks Canada,FY 2011-12,facilities,1,"Fuel oil (1, 2, 4, 5, 6, diesel, kerosene)",72774.29,5171.95
Parks Canada,FY 2011-12,facilities,2,Electricity,176403.17,11230.17
Parks Canada,FY 2011-12,fleets,1,Natural gas,0.23,0.01
Parks Canada,FY 2011-12,fleets,1,Liquified petroleum gas,0.8,0.04
Parks Canada,FY 2011-12,fleets,1,Gasoline,74666.55,4780.29
Parks Canada,FY 2011-12,fleets,1,"Fuel oil (1, 2, 4, 5, 6, diesel, kerosene)",82332.02,5793.71
Parks Canada,FY 2011-12,fleets,1,Fuels with renewable content,28955.15,1820.22
Parks Canada,FY 2012-13,facilities,1,Natural gas,83775.73,4166.89
Parks Canada,FY 2012-13,facilities,1,Liquified petroleum gas,41556.74,2535.1
Parks Canada,FY 2012-13,facilities,1,"Fuel oil (1, 2, 4, 5, 6, diesel, kerosene)",64063.16,4548.18
Parks Canada,FY 2012-13,facilities,2,Electricity,165777.09,11486.69
Parks Canada,FY 2012-13,fleets,1,Natural gas,0.21,0.01
Parks Canada,FY 2012-13,fleets,1,Liquified petroleum gas,174.62,10.57
Parks Canada,FY 2012-13,fleets,1,Gasoline,70661.54,4526.49
Parks Canada,FY 2012-13,fleets,1,"Fuel oil (1, 2, 4, 5, 6, diesel, kerosene)",70642.22,4947.54
Parks Canada,FY 2012-13,fleets,1,Fuels with renewable content,28370.12,1783.44
Parks Canada,FY 2013-14,facilities,1,Natural gas,82999.03,4128.25
Parks Canada,FY 2013-14,facilities,1,Liquified petroleum gas,46614.24,2843.63
Parks Canada,FY 2013-14,facilities,1,"Fuel oil (1, 2, 4, 5, 6, diesel, kerosene)",65962.55,4679.8
Parks Canada,FY 2013-14,facilities,2,Electricity,169768.4,10290.53
Parks Canada,FY 2013-14,fleets,1,Natural gas,0.28,0.01
Parks Canada,FY 2013-14,fleets,1,Liquified petroleum gas,152.19,9.21
Parks Canada,FY 2013-14,fleets,1,Gasoline,73138.46,4685.57
Parks Canada,FY 2013-14,fleets,1,"Fuel oil (1, 2, 4, 5, 6, diesel, kerosene)",74750.16,5245.1
Parks Canada,FY 2013-14,fleets,1,Fuels with renewable content,30308.28,1905.28
Parks Canada,FY 2014-15,facilities,1,Natural gas,91550.46,4553.59
Parks Canada,FY 2014-15,facilities,1,Liquified petroleum gas,42391.64,2586.04
Parks Canada,FY 2014-15,facilities,1,"Fuel oil (1, 2, 4, 5, 6, diesel, kerosene)",65789.02,4666.09
Parks Canada,FY 2014-15,facilities,2,Electricity,176118.89,9643.11
Parks Canada,FY 2014-15,fleets,1,Natural gas,0.19,0.01
Parks Canada,FY 2014-15,fleets,1,Liquified petroleum gas,405.13,24.52
Parks Canada,FY 2014-15,fleets,1,Gasoline,72340.87,4634.46
Parks Canada,FY 2014-15,fleets,1,"Fuel oil (1, 2, 4, 5, 6, diesel, kerosene)",72217.16,5080.36
Parks Canada,FY 2014-15,fleets,1,Fuels with renewable content,30717.86,1931.03
Parks Canada,FY 2015-16,facilities,1,Natural gas,91253.39,4538.81
Parks Canada,FY 2015-16,facilities,1,Liquified petroleum gas,35751.66,2180.97
Parks Canada,FY 2015-16,facilities,1,"Fuel oil (1, 2, 4, 5, 6, diesel, kerosene)",56514.1,4020
Parks Canada,FY 2015-16,facilities,2,Electricity,180527.56,10499.52
Parks Canada,FY 2015-16,fleets,1,Natural gas,0.22,0.01
Parks Canada,FY 2015-16,fleets,1,Liquified petroleum gas,909.66,55.06
Parks Canada,FY 2015-16,fleets,1,Gasoline,76883.66,4927.14
Parks Canada,FY 2015-16,fleets,1,"Fuel oil (1, 2, 4, 5, 6, diesel, kerosene)",60852.69,4290.91
Parks Canada,FY 2015-16,fleets,1,Fuels with renewable content,22853.2,1436.63
Parks Canada,FY 2016-17,facilities,1,Natural gas,75749.05,3767.65
Parks Canada,FY 2016-17,facilities,1,Liquified petroleum gas,41572.76,2536.08
Parks Canada,FY 2016-17,facilities,1,"Fuel oil (1, 2, 4, 5, 6, diesel, kerosene)",62288.05,4427.38
Parks Canada,FY 2016-17,facilities,2,Electricity,172049.23,10102.41
Parks Canada,FY 2016-17,fleets,1,Natural gas,1.91E-03,1.06E-04
Parks Canada,FY 2016-17,fleets,1,Liquified petroleum gas,471.11,28.51
Parks Canada,FY 2016-17,fleets,1,Gasoline,80608.29,5165.84
Parks Canada,FY 2016-17,fleets,1,"Fuel oil (1, 2, 4, 5, 6, diesel, kerosene)",82462.62,5810.59
Parks Canada,FY 2016-17,fleets,1,Fuels with renewable content,24235.68,1523.54
Fisheries and Oceans Canada,FY 2005-06,facilities,1,Natural gas,71471.55,3554.89
Fisheries and Oceans Canada,FY 2005-06,facilities,1,Liquified petroleum gas,12938.47,789.29
Fisheries and Oceans Canada,FY 2005-06,facilities,1,"Fuel oil (1, 2, 4, 5, 6, diesel, kerosene)",109875.04,7791.48
Fisheries and Oceans Canada,FY 2005-06,facilities,2,Electricity,309547.28,21108.81
Fisheries and Oceans Canada,FY 2005-06,facilities,2,District energy,19918,1175.16
Fisheries and Oceans Canada,FY 2005-06,fleets,1,Natural gas,0.41,0.02
Fisheries and Oceans Canada,FY 2005-06,fleets,1,Gasoline,119924.66,8079.49
Fisheries and Oceans Canada,FY 2005-06,fleets,1,"Fuel oil (1, 2, 4, 5, 6, diesel, kerosene)",23271.92,1658.8
Fisheries and Oceans Canada,FY 2010-11,facilities,1,Natural gas,106470.3,5295.68
Fisheries and Oceans Canada,FY 2010-11,facilities,1,Liquified petroleum gas,9789.82,597.21
Fisheries and Oceans Canada,FY 2010-11,facilities,1,"Fuel oil (1, 2, 4, 5, 6, diesel, kerosene)",79367.84,5639.97
Fisheries and Oceans Canada,FY 2010-11,facilities,2,Electricity,295790.39,17620.04
Fisheries and Oceans Canada,FY 2010-11,facilities,2,District energy,28618,1688.46
Fisheries and Oceans Canada,FY 2010-11,fleets,1,Liquified petroleum gas,29.46,1.78
Fisheries and Oceans Canada,FY 2010-11,fleets,1,Gasoline,107248.19,6873.07
Fisheries and Oceans Canada,FY 2010-11,fleets,1,"Fuel oil (1, 2, 4, 5, 6, diesel, kerosene)",22648.55,1614.37
Fisheries and Oceans Canada,FY 2010-11,fleets,1,Fuels with renewable content,3951.24,246.75
Fisheries and Oceans Canada,FY 2011-12,facilities,1,Natural gas,102037.43,5075.2
Fisheries and Oceans Canada,FY 2011-12,facilities,1,Liquified petroleum gas,11296.18,689.1
Fisheries and Oceans Canada,FY 2011-12,facilities,1,"Fuel oil (1, 2, 4, 5, 6, diesel, kerosene)",65968.17,4662.19
Fisheries and Oceans Canada,FY 2011-12,facilities,2,Electricity,298911.4,18333.38
Fisheries and Oceans Canada,FY 2011-12,facilities,2,District energy,22993,1356.58
Fisheries and Oceans Canada,FY 2011-12,fleets,1,Natural gas,0.02,1.54E-03
Fisheries and Oceans Canada,FY 2011-12,fleets,1,Liquified petroleum gas,49.68,3
Fisheries and Oceans Canada,FY 2011-12,fleets,1,Gasoline,96122.77,6160.09
Fisheries and Oceans Canada,FY 2011-12,fleets,1,"Fuel oil (1, 2, 4, 5, 6, diesel, kerosene)",23897.28,1703.38
Fisheries and Oceans Canada,FY 2011-12,fleets,1,Fuels with renewable content,6215.88,388.33
Fisheries and Oceans Canada,FY 2012-13,facilities,1,Natural gas,106288.76,5286.65
Fisheries and Oceans Canada,FY 2012-13,facilities,1,Liquified petroleum gas,10991.43,670.51
Fisheries and Oceans Canada,FY 2012-13,facilities,1,"Fuel oil (1, 2, 4, 5, 6, diesel, kerosene)",60992.12,4307.3
Fisheries and Oceans Canada,FY 2012-13,facilities,2,Electricity,284788.94,16511.89
Fisheries and Oceans Canada,FY 2012-13,facilities,2,District energy,27475,1621.02
Fisheries and Oceans Canada,FY 2012-13,fleets,1,Natural gas,6.50E-03,3.59E-04
Fisheries and Oceans Canada,FY 2012-13,fleets,1,Liquified petroleum gas,108.25,6.55
Fisheries and Oceans Canada,FY 2012-13,fleets,1,Gasoline,90333.25,5789.07
Fisheries and Oceans Canada,FY 2012-13,fleets,1,"Fuel oil (1, 2, 4, 5, 6, diesel, kerosene)",24082.38,1716.57
Fisheries and Oceans Canada,FY 2012-13,fleets,1,Fuels with renewable content,5738.84,357.77
Fisheries and Oceans Canada,FY 2013-14,facilities,1,Natural gas,111275.52,5534.69
Fisheries and Oceans Canada,FY 2013-14,facilities,1,Liquified petroleum gas,10461.35,638.17
Fisheries and Oceans Canada,FY 2013-14,facilities,1,"Fuel oil (1, 2, 4, 5, 6, diesel, kerosene)",55329.18,3909.18
Fisheries and Oceans Canada,FY 2013-14,facilities,2,Electricity,275618,14861.04
Fisheries and Oceans Canada,FY 2013-14,facilities,2,District energy,23184,1367.85
Fisheries and Oceans Canada,FY 2013-14,fleets,1,Liquified petroleum gas,51.96,3.14
Fisheries and Oceans Canada,FY 2013-14,fleets,1,Gasoline,81381.58,5215.39
Fisheries and Oceans Canada,FY 2013-14,fleets,1,"Fuel oil (1, 2, 4, 5, 6, diesel, kerosene)",22881.26,1630.96
Fisheries and Oceans Canada,FY 2013-14,fleets,1,Fuels with renewable content,4887.98,304.71
Fisheries and Oceans Canada,FY 2014-15,facilities,1,Natural gas,105928.7,5268.74
Fisheries and Oceans Canada,FY 2014-15,facilities,1,Liquified petroleum gas,10866.31,662.88
Fisheries and Oceans Canada,FY 2014-15,facilities,1,"Fuel oil (1, 2, 4, 5, 6, diesel, kerosene)",53163.3,3756.75
Fisheries and Oceans Canada,FY 2014-15,facilities,2,Electricity,273303.38,14980.58
Fisheries and Oceans Canada,FY 2014-15,facilities,2,District energy,28523.82,1682.9
Fisheries and Oceans Canada,FY 2014-15,fleets,1,Liquified petroleum gas,56.49,3.41
Fisheries and Oceans Canada,FY 2014-15,fleets,1,Gasoline,75408.86,4832.63
Fisheries and Oceans Canada,FY 2014-15,fleets,1,"Fuel oil (1, 2, 4, 5, 6, diesel, kerosene)",22051.33,1571.8
Fisheries and Oceans Canada,FY 2014-15,fleets,1,Fuels with renewable content,4764.73,296.4
Fisheries and Oceans Canada,FY 2015-16,facilities,1,Natural gas,90102.85,4481.59
Fisheries and Oceans Canada,FY 2015-16,facilities,1,Liquified petroleum gas,10434.09,636.51
Fisheries and Oceans Canada,FY 2015-16,facilities,1,"Fuel oil (1, 2, 4, 5, 6, diesel, kerosene)",46127.81,3263.39
Fisheries and Oceans Canada,FY 2015-16,facilities,2,Electricity,254074.07,12298.02
Fisheries and Oceans Canada,FY 2015-16,facilities,2,District energy,21153.46,1248.05
Fisheries and Oceans Canada,FY 2015-16,fleets,1,Liquified petroleum gas,32.29,1.95
Fisheries and Oceans Canada,FY 2015-16,fleets,1,Gasoline,73813.81,4730.41
Fisheries and Oceans Canada,FY 2015-16,fleets,1,"Fuel oil (1, 2, 4, 5, 6, diesel, kerosene)",22101.16,1575.35
Fisheries and Oceans Canada,FY 2015-16,fleets,1,Fuels with renewable content,4484,278.77
Fisheries and Oceans Canada,FY 2016-17,facilities,1,Natural gas,99249.55,4936.53
Fisheries and Oceans Canada,FY 2016-17,facilities,1,Liquified petroleum gas,11929.18,727.72
Fisheries and Oceans Canada,FY 2016-17,facilities,1,"Fuel oil (1, 2, 4, 5, 6, diesel, kerosene)",36697.1,2593.98
Fisheries and Oceans Canada,FY 2016-17,facilities,2,Electricity,251268.26,11719.91
Fisheries and Oceans Canada,FY 2016-17,facilities,2,District energy,20806.41,1227.57
Fisheries and Oceans Canada,FY 2016-17,fleets,1,Liquified petroleum gas,17.74,1.07
Fisheries and Oceans Canada,FY 2016-17,fleets,1,Gasoline,72382.34,4638.67
Fisheries and Oceans Canada,FY 2016-17,fleets,1,"Fuel oil (1, 2, 4, 5, 6, diesel, kerosene)",22743.45,1621.13
Fisheries and Oceans Canada,FY 2016-17,fleets,1,Fuels with renewable content,949.32,56.68
Natural Resources Canada,FY 2005-06,facilities,1,Natural gas,166032.3,8258.21
Natural Resources Canada,FY 2005-06,facilities,1,Liquified petroleum gas,577.56,35.23
Natural Resources Canada,FY 2005-06,facilities,1,"Fuel oil (1, 2, 4, 5, 6, diesel, kerosene)",3735.58,263.56
Natural Resources Canada,FY 2005-06,facilities,2,Electricity,196219.84,13596.15
Natural Resources Canada,FY 2005-06,facilities,2,District energy,125460.46,9884.81
Natural Resources Canada,FY 2005-06,fleets,1,Natural gas,0.09,5.15E-03
Natural Resources Canada,FY 2005-06,fleets,1,Liquified petroleum gas,146.72,8.88
Natural Resources Canada,FY 2005-06,fleets,1,Gasoline,23104.73,1556.59
Natural Resources Canada,FY 2005-06,fleets,1,"Fuel oil (1, 2, 4, 5, 6, diesel, kerosene)",1666.11,118.75
Natural Resources Canada,FY 2005-06,fleets,1,Fuels with renewable content,2541.58,92.92
Natural Resources Canada,FY 2010-11,facilities,1,Natural gas,140140.93,6970.41
Natural Resources Canada,FY 2010-11,facilities,1,Liquified petroleum gas,3211.38,195.9
Natural Resources Canada,FY 2010-11,facilities,1,"Fuel oil (1, 2, 4, 5, 6, diesel, kerosene)",4066.65,288.23
Natural Resources Canada,FY 2010-11,facilities,2,Electricity,200982.53,12048.06
Natural Resources Canada,FY 2010-11,facilities,2,District energy,132582.74,10534.38
Natural Resources Canada,FY 2010-11,fleets,1,Natural gas,2.91E-03,1.61E-04
Natural Resources Canada,FY 2010-11,fleets,1,Gasoline,15061.29,965.21
Natural Resources Canada,FY 2010-11,fleets,1,"Fuel oil (1, 2, 4, 5, 6, diesel, kerosene)",2685.19,191.08
Natural Resources Canada,FY 2010-11,fleets,1,Fuels with renewable content,2592.37,47.39
Natural Resources Canada,FY 2011-12,facilities,1,Natural gas,138130.6,6870.42
Natural Resources Canada,FY 2011-12,facilities,1,Liquified petroleum gas,3416.31,208.4
Natural Resources Canada,FY 2011-12,facilities,1,"Fuel oil (1, 2, 4, 5, 6, diesel, kerosene)",8194.76,579.46
Natural Resources Canada,FY 2011-12,facilities,2,Electricity,190988.88,8416.37
Natural Resources Canada,FY 2011-12,facilities,2,District energy,112297.45,8949.37
Natural Resources Canada,FY 2011-12,fleets,1,Liquified petroleum gas,1.01,0.06
Natural Resources Canada,FY 2011-12,fleets,1,Gasoline,12741,816.51
Natural Resources Canada,FY 2011-12,fleets,1,"Fuel oil (1, 2, 4, 5, 6, diesel, kerosene)",3517.98,249.78
Natural Resources Canada,FY 2011-12,fleets,1,Fuels with renewable content,2857.2,130.17
Natural Resources Canada,FY 2012-13,facilities,1,Natural gas,155002.92,7709.63
Natural Resources Canada,FY 2012-13,facilities,1,Liquified petroleum gas,2985.97,182.15
Natural Resources Canada,FY 2012-13,facilities,1,"Fuel oil (1, 2, 4, 5, 6, diesel, kerosene)",8194.61,581.19
Natural Resources Canada,FY 2012-13,facilities,2,Electricity,186858.85,8431.4
Natural Resources Canada,FY 2012-13,facilities,2,District energy,116653.68,9266.71
Natural Resources Canada,FY 2012-13,fleets,1,Liquified petroleum gas,6.17,0.37
Natural Resources Canada,FY 2012-13,fleets,1,Gasoline,9879.94,633.16
Natural Resources Canada,FY 2012-13,fleets,1,"Fuel oil (1, 2, 4, 5, 6, diesel, kerosene)",3116.17,221.69
Natural Resources Canada,FY 2012-13,fleets,1,Fuels with renewable content,1743.86,93.28
Natural Resources Canada,FY 2013-14,facilities,1,Natural gas,155439.05,7731.32
Natural Resources Canada,FY 2013-14,facilities,1,Liquified petroleum gas,3299.96,201.3
Natural Resources Canada,FY 2013-14,facilities,1,"Fuel oil (1, 2, 4, 5, 6, diesel, kerosene)",19172.48,1352.06
Natural Resources Canada,FY 2013-14,facilities,2,Electricity,184813.69,7065.65
Natural Resources Canada,FY 2013-14,facilities,2,District energy,119743,9514.28
Natural Resources Canada,FY 2013-14,fleets,1,Gasoline,10328.67,661.92
Natural Resources Canada,FY 2013-14,fleets,1,"Fuel oil (1, 2, 4, 5, 6, diesel, kerosene)",5504.55,391.87
Natural Resources Canada,FY 2013-14,fleets,1,Fuels with renewable content,1116.37,18.16
Natural Resources Canada,FY 2014-15,facilities,1,Natural gas,150589.38,7490.1
Natural Resources Canada,FY 2014-15,facilities,1,Liquified petroleum gas,1944.6,118.62
Natural Resources Canada,FY 2014-15,facilities,1,"Fuel oil (1, 2, 4, 5, 6, diesel, kerosene)",11209.74,790.17
Natural Resources Canada,FY 2014-15,facilities,2,Electricity,179730.34,5854.97
Natural Resources Canada,FY 2014-15,facilities,2,District energy,103601.88,8231.13
Natural Resources Canada,FY 2014-15,fleets,1,Gasoline,10704.96,686.03
Natural Resources Canada,FY 2014-15,fleets,1,"Fuel oil (1, 2, 4, 5, 6, diesel, kerosene)",6424.48,457.49
Natural Resources Canada,FY 2014-15,fleets,1,Fuels with renewable content,1140.77,18.56
Natural Resources Canada,FY 2015-16,facilities,1,Natural gas,196004.14,9748.97
Natural Resources Canada,FY 2015-16,facilities,1,Liquified petroleum gas,1911.91,116.63
Natural Resources Canada,FY 2015-16,facilities,1,"Fuel oil (1, 2, 4, 5, 6, diesel, kerosene)",9935.98,700.38
Natural Resources Canada,FY 2015-16,facilities,2,Electricity,172605.74,5446.17
Natural Resources Canada,FY 2015-16,facilities,2,District energy,44988.11,3605.16
Natural Resources Canada,FY 2015-16,fleets,1,Gasoline,8263.66,529.58
Natural Resources Canada,FY 2015-16,fleets,1,"Fuel oil (1, 2, 4, 5, 6, diesel, kerosene)",2696.3,191.6
Natural Resources Canada,FY 2015-16,fleets,1,Fuels with renewable content,956.88,15.56
Natural Resources Canada,FY 2016-17,facilities,1,Natural gas,251727.39,12520.57
Natural Resources Canada,FY 2016-17,facilities,1,Liquified petroleum gas,1224.09,74.67
Natural Resources Canada,FY 2016-17,facilities,1,"Fuel oil (1, 2, 4, 5, 6, diesel, kerosene)",9943.93,701.54
Natural Resources Canada,FY 2016-17,facilities,2,Electricity,175843.1,5950.63
Natural Resources Canada,FY 2016-17,facilities,2,District energy,13333.17,1090.29
Natural Resources Canada,FY 2016-17,fleets,1,Gasoline,8904.17,570.63
Natural Resources Canada,FY 2016-17,fleets,1,"Fuel oil (1, 2, 4, 5, 6, diesel, kerosene)",2461.94,175.09
Natural Resources Canada,FY 2016-17,fleets,1,Fuels with renewable content,183.09,9.76
Environment and Climate Change Canada,FY 2005-06,facilities,1,Natural gas,190694.11,9484.86
Environment and Climate Change Canada,FY 2005-06,facilities,1,Liquified petroleum gas,1696.9,103.51
Environment and Climate Change Canada,FY 2005-06,facilities,1,"Fuel oil (1, 2, 4, 5, 6, diesel, kerosene)",19041.31,1387.08
Environment and Climate Change Canada,FY 2005-06,facilities,2,Electricity,108698.51,5523.12
Environment and Climate Change Canada,FY 2005-06,fleets,1,Natural gas,0.08,4.63E-03
Environment and Climate Change Canada,FY 2005-06,fleets,1,Liquified petroleum gas,465.5,28.17
Environment and Climate Change Canada,FY 2005-06,fleets,1,Gasoline,58834.29,3964.48
Environment and Climate Change Canada,FY 2005-06,fleets,1,"Fuel oil (1, 2, 4, 5, 6, diesel, kerosene)",4571.95,330.46
Environment and Climate Change Canada,FY 2005-06,fleets,1,Aviation fuels,2152.01,152.79
Environment and Climate Change Canada,FY 2005-06,fleets,1,Fuels with renewable content,2646.58,166.4
Environment and Climate Change Canada,FY 2010-11,facilities,1,Natural gas,203742.11,10133.85
Environment and Climate Change Canada,FY 2010-11,facilities,1,Liquified petroleum gas,1627.88,99.3
Environment and Climate Change Canada,FY 2010-11,facilities,1,"Fuel oil (1, 2, 4, 5, 6, diesel, kerosene)",21414.41,1559.95
Environment and Climate Change Canada,FY 2010-11,facilities,2,Electricity,140449.71,4753.69
Environment and Climate Change Canada,FY 2010-11,fleets,1,Natural gas,5.23E-03,2.89E-04
Environment and Climate Change Canada,FY 2010-11,fleets,1,Liquified petroleum gas,4.65,0.28
Environment and Climate Change Canada,FY 2010-11,fleets,1,Gasoline,49709.49,3186.64
Environment and Climate Change Canada,FY 2010-11,fleets,1,"Fuel oil (1, 2, 4, 5, 6, diesel, kerosene)",7151.68,515.47
Environment and Climate Change Canada,FY 2010-11,fleets,1,Fuels with renewable content,5340.22,335.65
Environment and Climate Change Canada,FY 2011-12,facilities,1,Natural gas,178933.2,8899.89
Environment and Climate Change Canada,FY 2011-12,facilities,1,Liquified petroleum gas,743.75,45.37
Environment and Climate Change Canada,FY 2011-12,facilities,1,"Fuel oil (1, 2, 4, 5, 6, diesel, kerosene)",21749.91,1584.39
Environment and Climate Change Canada,FY 2011-12,facilities,2,Electricity,148566.31,4575.68
Environment and Climate Change Canada,FY 2011-12,fleets,1,Liquified petroleum gas,31.41,1.9
Environment and Climate Change Canada,FY 2011-12,fleets,1,Gasoline,45587.36,2922.42
Environment and Climate Change Canada,FY 2011-12,fleets,1,"Fuel oil (1, 2, 4, 5, 6, diesel, kerosene)",7178.69,516.51
Environment and Climate Change Canada,FY 2011-12,fleets,1,Fuels with renewable content,6507.67,409.2
Environment and Climate Change Canada,FY 2012-13,facilities,1,Natural gas,184346.51,9169.14
Environment and Climate Change Canada,FY 2012-13,facilities,1,Liquified petroleum gas,1665.19,101.58
Environment and Climate Change Canada,FY 2012-13,facilities,1,"Fuel oil (1, 2, 4, 5, 6, diesel, kerosene)",20009.06,1457.57
Environment and Climate Change Canada,FY 2012-13,facilities,2,Electricity,110743.92,4485.18
Environment and Climate Change Canada,FY 2012-13,fleets,1,Liquified petroleum gas,1.94,0.11
Environment and Climate Change Canada,FY 2012-13,fleets,1,Gasoline,40713.43,2609.89
Environment and Climate Change Canada,FY 2012-13,fleets,1,"Fuel oil (1, 2, 4, 5, 6, diesel, kerosene)",6640.36,479.06
Environment and Climate Change Canada,FY 2012-13,fleets,1,Fuels with renewable content,6252.43,393.12
Environment and Climate Change Canada,FY 2013-14,facilities,1,Natural gas,191639.55,9531.88
Environment and Climate Change Canada,FY 2013-14,facilities,1,Liquified petroleum gas,2359.37,143.93
Environment and Climate Change Canada,FY 2013-14,facilities,1,"Fuel oil (1, 2, 4, 5, 6, diesel, kerosene)",19440.16,1416.13
Environment and Climate Change Canada,FY 2013-14,facilities,2,Electricity,108994.92,3587.71
Environment and Climate Change Canada,FY 2013-14,fleets,1,Liquified petroleum gas,1.51,0.09
Environment and Climate Change Canada,FY 2013-14,fleets,1,Gasoline,39620,2539.78
Environment and Climate Change Canada,FY 2013-14,fleets,1,"Fuel oil (1, 2, 4, 5, 6, diesel, kerosene)",8468.87,608.74
Environment and Climate Change Canada,FY 2013-14,fleets,1,Fuels with renewable content,6826.44,429.23
Environment and Climate Change Canada,FY 2014-15,facilities,1,Natural gas,178661.04,8886.35
Environment and Climate Change Canada,FY 2014-15,facilities,1,Liquified petroleum gas,1238.93,75.57
Environment and Climate Change Canada,FY 2014-15,facilities,1,"Fuel oil (1, 2, 4, 5, 6, diesel, kerosene)",20932.36,1524.83
Environment and Climate Change Canada,FY 2014-15,facilities,2,Electricity,117418.75,3417.02
Environment and Climate Change Canada,FY 2014-15,fleets,1,Liquified petroleum gas,3.2,0.19
Environment and Climate Change Canada,FY 2014-15,fleets,1,Gasoline,35984.47,2306.69
Environment and Climate Change Canada,FY 2014-15,fleets,1,"Fuel oil (1, 2, 4, 5, 6, diesel, kerosene)",9277.55,666.48
Environment and Climate Change Canada,FY 2014-15,fleets,1,Fuels with renewable content,6982.3,439.03
Environment and Climate Change Canada,FY 2015-16,facilities,1,Natural gas,149899.12,7455.77
Environment and Climate Change Canada,FY 2015-16,facilities,1,Liquified petroleum gas,1205.91,73.56
Environment and Climate Change Canada,FY 2015-16,facilities,1,"Fuel oil (1, 2, 4, 5, 6, diesel, kerosene)",25597.99,1864.71
Environment and Climate Change Canada,FY 2015-16,facilities,2,Electricity,121515.04,3195.6
Environment and Climate Change Canada,FY 2015-16,fleets,1,Natural gas,1.82E-03,1.01E-04
Environment and Climate Change Canada,FY 2015-16,fleets,1,Liquified petroleum gas,1.84,0.11
Environment and Climate Change Canada,FY 2015-16,fleets,1,Gasoline,31295.36,2005.94
Environment and Climate Change Canada,FY 2015-16,fleets,1,"Fuel oil (1, 2, 4, 5, 6, diesel, kerosene)",9312.91,668.96
Environment and Climate Change Canada,FY 2015-16,fleets,1,Fuels with renewable content,5535.73,347.99
Environment and Climate Change Canada,FY 2016-17,facilities,1,Natural gas,154045.81,7662.02
Environment and Climate Change Canada,FY 2016-17,facilities,1,Liquified petroleum gas,1546.51,94.34
Environment and Climate Change Canada,FY 2016-17,facilities,1,"Fuel oil (1, 2, 4, 5, 6, diesel, kerosene)",25419.31,1851.69
Environment and Climate Change Canada,FY 2016-17,facilities,2,Electricity,130634.89,3249.68
Environment and Climate Change Canada,FY 2016-17,fleets,1,Liquified petroleum gas,2.58,0.15
Environment and Climate Change Canada,FY 2016-17,fleets,1,Gasoline,40300.88,2583.05
Environment and Climate Change Canada,FY 2016-17,fleets,1,"Fuel oil (1, 2, 4, 5, 6, diesel, kerosene)",10179.57,724.61
Environment and Climate Change Canada,FY 2016-17,fleets,1,Fuels with renewable content,907.3,57.03
Canada Border Services Agency,FY 2005-06,facilities,1,Natural gas,51557.72,2564.41
Canada Border Services Agency,FY 2005-06,facilities,1,Liquified petroleum gas,2338.66,142.66
Canada Border Services Agency,FY 2005-06,facilities,1,"Fuel oil (1, 2, 4, 5, 6, diesel, kerosene)",11963.46,846.66
Canada Border Services Agency,FY 2005-06,facilities,2,Electricity,101139.4,4212.65
Canada Border Services Agency,FY 2005-06,fleets,1,Gasoline,59515.78,4009.66
Canada Border Services Agency,FY 2005-06,fleets,1,"Fuel oil (1, 2, 4, 5, 6, diesel, kerosene)",5738.14,409.01
Canada Border Services Agency,FY 2005-06,fleets,1,Fuels with renewable content,952.04,56.17
Canada Border Services Agency,FY 2010-11,facilities,1,Natural gas,41956.29,2086.84
Canada Border Services Agency,FY 2010-11,facilities,1,Liquified petroleum gas,2778.86,169.52
Canada Border Services Agency,FY 2010-11,facilities,1,"Fuel oil (1, 2, 4, 5, 6, diesel, kerosene)",9921.79,700.09
Canada Border Services Agency,FY 2010-11,facilities,2,Electricity,104926.99,5157.51
Canada Border Services Agency,FY 2010-11,fleets,1,Gasoline,54108.42,3467.57
Canada Border Services Agency,FY 2010-11,fleets,1,"Fuel oil (1, 2, 4, 5, 6, diesel, kerosene)",4263.82,308.91
Canada Border Services Agency,FY 2010-11,fleets,1,Fuels with renewable content,6681.68,221.89
Canada Border Services Agency,FY 2011-12,facilities,1,Natural gas,50814.06,2527.42
Canada Border Services Agency,FY 2011-12,facilities,1,Liquified petroleum gas,3184.98,194.29
Canada Border Services Agency,FY 2011-12,facilities,1,"Fuel oil (1, 2, 4, 5, 6, diesel, kerosene)",10248.86,723.16
Canada Border Services Agency,FY 2011-12,facilities,2,Electricity,115084.91,4314.17
Canada Border Services Agency,FY 2011-12,fleets,1,Gasoline,54031.79,3462.66
Canada Border Services Agency,FY 2011-12,fleets,1,"Fuel oil (1, 2, 4, 5, 6, diesel, kerosene)",4264.81,309.74
Canada Border Services Agency,FY 2011-12,fleets,1,Fuels with renewable content,7420.5,137.13
Canada Border Services Agency,FY 2012-13,facilities,1,Natural gas,68107.42,3387.57
Canada Border Services Agency,FY 2012-13,facilities,1,Liquified petroleum gas,3758.83,229.3
Canada Border Services Agency,FY 2012-13,facilities,1,"Fuel oil (1, 2, 4, 5, 6, diesel, kerosene)",11055.54,779.82
Canada Border Services Agency,FY 2012-13,facilities,2,Electricity,122119.06,4720.62
Canada Border Services Agency,FY 2012-13,fleets,1,Gasoline,48819.77,3128.64
Canada Border Services Agency,FY 2012-13,fleets,1,"Fuel oil (1, 2, 4, 5, 6, diesel, kerosene)",3056.9,220.89
Canada Border Services Agency,FY 2012-13,fleets,1,Fuels with renewable content,8461.74,150.38
Canada Border Services Agency,FY 2013-14,facilities,1,Natural gas,70647.02,3513.88
Canada Border Services Agency,FY 2013-14,facilities,1,Liquified petroleum gas,4173.37,254.59
Canada Border Services Agency,FY 2013-14,facilities,1,"Fuel oil (1, 2, 4, 5, 6, diesel, kerosene)",13709.31,971.31
Canada Border Services Agency,FY 2013-14,facilities,2,Electricity,123563.61,4242.52
Canada Border Services Agency,FY 2013-14,fleets,1,Gasoline,49525.49,3173.87
Canada Border Services Agency,FY 2013-14,fleets,1,"Fuel oil (1, 2, 4, 5, 6, diesel, kerosene)",2907.58,208.28
Canada Border Services Agency,FY 2013-14,fleets,1,Fuels with renewable content,10693.7,671.24
Canada Border Services Agency,FY 2014-15,facilities,1,Natural gas,62995.91,3133.33
Canada Border Services Agency,FY 2014-15,facilities,1,Liquified petroleum gas,3802.18,231.94
Canada Border Services Agency,FY 2014-15,facilities,1,"Fuel oil (1, 2, 4, 5, 6, diesel, kerosene)",9539.07,677.97
Canada Border Services Agency,FY 2014-15,facilities,2,Electricity,121451.27,4017.54
Canada Border Services Agency,FY 2014-15,fleets,1,Liquified petroleum gas,4.73,0.28
Canada Border Services Agency,FY 2014-15,fleets,1,Gasoline,51177.29,3279.73
Canada Border Services Agency,FY 2014-15,fleets,1,"Fuel oil (1, 2, 4, 5, 6, diesel, kerosene)",3225.84,230.96
Canada Border Services Agency,FY 2014-15,fleets,1,Fuels with renewable content,10676.96,670.19
Canada Border Services Agency,FY 2015-16,facilities,1,Natural gas,62221.09,3094.79
Canada Border Services Agency,FY 2015-16,facilities,1,Liquified petroleum gas,2764.08,168.61
Canada Border Services Agency,FY 2015-16,facilities,1,"Fuel oil (1, 2, 4, 5, 6, diesel, kerosene)",15641.99,1112.67
Canada Border Services Agency,FY 2015-16,facilities,2,Electricity,126115.6,3901.49
Canada Border Services Agency,FY 2015-16,fleets,1,Gasoline,50682.86,3248.03
Canada Border Services Agency,FY 2015-16,fleets,1,"Fuel oil (1, 2, 4, 5, 6, diesel, kerosene)",3050.66,216.89
Canada Border Services Agency,FY 2015-16,fleets,1,Fuels with renewable content,10433.56,655.89
Canada Border Services Agency,FY 2016-17,facilities,1,Natural gas,55528.88,2761.93
Canada Border Services Agency,FY 2016-17,facilities,1,Liquified petroleum gas,2015.76,122.96
Canada Border Services Agency,FY 2016-17,facilities,1,"Fuel oil (1, 2, 4, 5, 6, diesel, kerosene)",20256.8,1445.46
Canada Border Services Agency,FY 2016-17,facilities,2,Electricity,121035.75,3907.03
Canada Border Services Agency,FY 2016-17,fleets,1,Gasoline,59451.7,3809.99
Canada Border Services Agency,FY 2016-17,fleets,1,"Fuel oil (1, 2, 4, 5, 6, diesel, kerosene)",3185.89,226.66
Canada Border Services Agency,FY 2016-17,fleets,1,Fuels with renewable content,302.42,18.89
Health Canada,FY 2005-06,fleets,1,Gasoline,45419.84,3060
Health Canada,FY 2010-11,fleets,1,Natural gas,4.76E-03,2.63E-04
Health Canada,FY 2010-11,fleets,1,Gasoline,32232,2065.61
Health Canada,FY 2010-11,fleets,1,"Fuel oil (1, 2, 4, 5, 6, diesel, kerosene)",107.76,7.68
Health Canada,FY 2010-11,fleets,1,Fuels with renewable content,3805.39,228.15
Health Canada,FY 2011-12,fleets,1,Gasoline,30381.78,1947.03
Health Canada,FY 2011-12,fleets,1,"Fuel oil (1, 2, 4, 5, 6, diesel, kerosene)",89.43,6.37
Health Canada,FY 2011-12,fleets,1,Fuels with renewable content,6041.74,367.55
Health Canada,FY 2012-13,fleets,1,Natural gas,1.64E-03,9.07E-05
Health Canada,FY 2012-13,fleets,1,Liquified petroleum gas,0.61,0.03
Health Canada,FY 2012-13,fleets,1,Gasoline,30265.95,1939.61
Health Canada,FY 2012-13,fleets,1,"Fuel oil (1, 2, 4, 5, 6, diesel, kerosene)",181.34,12.92
Health Canada,FY 2012-13,fleets,1,Fuels with renewable content,6432.95,399.07
Health Canada,FY 2013-14,fleets,1,Gasoline,27805.82,1781.95
Health Canada,FY 2013-14,fleets,1,"Fuel oil (1, 2, 4, 5, 6, diesel, kerosene)",134.47,9.58
Health Canada,FY 2013-14,fleets,1,Fuels with renewable content,5540.44,348.29
Health Canada,FY 2014-15,fleets,1,Gasoline,23630.6,1514.38
Health Canada,FY 2014-15,fleets,1,"Fuel oil (1, 2, 4, 5, 6, diesel, kerosene)",230.37,16.42
Health Canada,FY 2014-15,fleets,1,Fuels with renewable content,5173.8,325.24
Health Canada,FY 2015-16,fleets,1,Gasoline,24168.87,1548.87
Health Canada,FY 2015-16,fleets,1,"Fuel oil (1, 2, 4, 5, 6, diesel, kerosene)",343.57,24.48
Health Canada,FY 2015-16,fleets,1,Fuels with renewable content,5181.35,325.71
Health Canada,FY 2016-17,fleets,1,Gasoline,31220.47,2000.78
Health Canada,FY 2016-17,fleets,1,"Fuel oil (1, 2, 4, 5, 6, diesel, kerosene)",315.4,22.48
Health Canada,FY 2016-17,fleets,1,Fuels with renewable content,987.82,62.09
"Innovation, Science and Economic Development Canada",FY 2005-06,fleets,1,Natural gas,0.25,0.01
"Innovation, Science and Economic Development Canada",FY 2005-06,fleets,1,Liquified petroleum gas,93.02,5.63
"Innovation, Science and Economic Development Canada",FY 2005-06,fleets,1,Gasoline,22674.87,1527.63
"Innovation, Science and Economic Development Canada",FY 2005-06,fleets,1,"Fuel oil (1, 2, 4, 5, 6, diesel, kerosene)",4205.74,299.78
"Innovation, Science and Economic Development Canada",FY 2005-06,fleets,1,Fuels with renewable content,1189.37,74.76
"Innovation, Science and Economic Development Canada",FY 2010-11,fleets,1,Natural gas,0.01,9.63E-04
"Innovation, Science and Economic Development Canada",FY 2010-11,fleets,1,Gasoline,16174.79,1036.57
"Innovation, Science and Economic Development Canada",FY 2010-11,fleets,1,"Fuel oil (1, 2, 4, 5, 6, diesel, kerosene)",2918.92,208.05
"Innovation, Science and Economic Development Canada",FY 2010-11,fleets,1,Fuels with renewable content,2182.95,136.44
"Innovation, Science and Economic Development Canada",FY 2011-12,fleets,1,Natural gas,9.88E-03,5.46E-04
"Innovation, Science and Economic Development Canada",FY 2011-12,fleets,1,Liquified petroleum gas,0.53,0.03
"Innovation, Science and Economic Development Canada",FY 2011-12,fleets,1,Gasoline,14559.33,933.04
"Innovation, Science and Economic Development Canada",FY 2011-12,fleets,1,"Fuel oil (1, 2, 4, 5, 6, diesel, kerosene)",3379.28,240.87
"Innovation, Science and Economic Development Canada",FY 2011-12,fleets,1,Fuels with renewable content,3487.59,218.12
"Innovation, Science and Economic Development Canada",FY 2012-13,fleets,1,Natural gas,1.71E-03,9.45E-05
"Innovation, Science and Economic Development Canada",FY 2012-13,fleets,1,Gasoline,12906.91,827.14
"Innovation, Science and Economic Development Canada",FY 2012-13,fleets,1,"Fuel oil (1, 2, 4, 5, 6, diesel, kerosene)",2906.74,207.19
"Innovation, Science and Economic Development Canada",FY 2012-13,fleets,1,Fuels with renewable content,3481.78,218.39
"Innovation, Science and Economic Development Canada",FY 2013-14,fleets,1,Natural gas,2.56E-03,1.42E-04
"Innovation, Science and Economic Development Canada",FY 2013-14,fleets,1,Liquified petroleum gas,0.25,0.01
"Innovation, Science and Economic Development Canada",FY 2013-14,fleets,1,Gasoline,11513.24,737.83
"Innovation, Science and Economic Development Canada",FY 2013-14,fleets,1,"Fuel oil (1, 2, 4, 5, 6, diesel, kerosene)",3323.25,236.87
"Innovation, Science and Economic Development Canada",FY 2013-14,fleets,1,Fuels with renewable content,3180.55,192.03
"Innovation, Science and Economic Development Canada",FY 2014-15,fleets,1,Natural gas,1.44E-03,7.94E-05
"Innovation, Science and Economic Development Canada",FY 2014-15,fleets,1,Gasoline,10307.28,660.54
"Innovation, Science and Economic Development Canada",FY 2014-15,fleets,1,"Fuel oil (1, 2, 4, 5, 6, diesel, kerosene)",3583.3,255.41
"Innovation, Science and Economic Development Canada",FY 2014-15,fleets,1,Fuels with renewable content,2837.18,169.65
"Innovation, Science and Economic Development Canada",FY 2015-16,fleets,1,Gasoline,10542.24,675.6
"Innovation, Science and Economic Development Canada",FY 2015-16,fleets,1,"Fuel oil (1, 2, 4, 5, 6, diesel, kerosene)",3856,274.85
"Innovation, Science and Economic Development Canada",FY 2015-16,fleets,1,Fuels with renewable content,2436.53,150.5
"Innovation, Science and Economic Development Canada",FY 2016-17,fleets,1,Gasoline,12859.73,824.12
"Innovation, Science and Economic Development Canada",FY 2016-17,fleets,1,"Fuel oil (1, 2, 4, 5, 6, diesel, kerosene)",3741.79,266.71
"Innovation, Science and Economic Development Canada",FY 2016-17,fleets,1,Fuels with renewable content,307.43,18.09
Employment and Social Development Canada,FY 2005-06,fleets,1,Liquified petroleum gas,2.81,0.17
Employment and Social Development Canada,FY 2005-06,fleets,1,Gasoline,21035.26,1417.17
Employment and Social Development Canada,FY 2005-06,fleets,1,"Fuel oil (1, 2, 4, 5, 6, diesel, kerosene)",207.17,14.76
Employment and Social Development Canada,FY 2005-06,fleets,1,Fuels with renewable content,111.56,7.01
Employment and Social Development Canada,FY 2010-11,fleets,1,Natural gas,5.09E-03,2.81E-04
Employment and Social Development Canada,FY 2010-11,fleets,1,Liquified petroleum gas,1.77,0.1
Employment and Social Development Canada,FY 2010-11,fleets,1,Gasoline,13930.14,892.72
Employment and Social Development Canada,FY 2010-11,fleets,1,"Fuel oil (1, 2, 4, 5, 6, diesel, kerosene)",217.97,15.52
Employment and Social Development Canada,FY 2010-11,fleets,1,Fuels with renewable content,473.14,29.7
Employment and Social Development Canada,FY 2011-12,fleets,1,Natural gas,0.01,7.93E-04
Employment and Social Development Canada,FY 2011-12,fleets,1,Liquified petroleum gas,2.14,0.12
Employment and Social Development Canada,FY 2011-12,fleets,1,Gasoline,11864.14,760.32
Employment and Social Development Canada,FY 2011-12,fleets,1,"Fuel oil (1, 2, 4, 5, 6, diesel, kerosene)",247.01,17.53
Employment and Social Development Canada,FY 2011-12,fleets,1,Fuels with renewable content,1167.89,73.41
Employment and Social Development Canada,FY 2012-13,fleets,1,Natural gas,0.01,5.65E-04
Employment and Social Development Canada,FY 2012-13,fleets,1,Liquified petroleum gas,0.78,0.04
Employment and Social Development Canada,FY 2012-13,fleets,1,Gasoline,9702.87,621.81
Employment and Social Development Canada,FY 2012-13,fleets,1,"Fuel oil (1, 2, 4, 5, 6, diesel, kerosene)",122.67,8.74
Employment and Social Development Canada,FY 2012-13,fleets,1,Fuels with renewable content,997.1,62.68
Employment and Social Development Canada,FY 2013-14,fleets,1,Liquified petroleum gas,0.77,0.04
Employment and Social Development Canada,FY 2013-14,fleets,1,Gasoline,7912.58,507.08
Employment and Social Development Canada,FY 2013-14,fleets,1,"Fuel oil (1, 2, 4, 5, 6, diesel, kerosene)",8.18,0.58
Employment and Social Development Canada,FY 2013-14,fleets,1,Fuels with renewable content,828.99,52.11
Employment and Social Development Canada,FY 2014-15,fleets,1,Gasoline,5399.96,346.06
Employment and Social Development Canada,FY 2014-15,fleets,1,"Fuel oil (1, 2, 4, 5, 6, diesel, kerosene)",1.94,0.13
Employment and Social Development Canada,FY 2014-15,fleets,1,Fuels with renewable content,549.2,34.52
Employment and Social Development Canada,FY 2015-16,fleets,1,Gasoline,5114.34,327.75
Employment and Social Development Canada,FY 2016-17,fleets,1,Gasoline,4962.17,318
Employment and Social Development Canada,FY 2016-17,fleets,1,Fuels with renewable content,8.17,0.51
Indigenous and Northern Affairs Canada,FY 2005-06,fleets,1,Gasoline,9349.43,629.88
Indigenous and Northern Affairs Canada,FY 2005-06,fleets,1,"Fuel oil (1, 2, 4, 5, 6, diesel, kerosene)",184.08,13.12
Indigenous and Northern Affairs Canada,FY 2005-06,fleets,1,Fuels with renewable content,57.68,3.48
Indigenous and Northern Affairs Canada,FY 2010-11,fleets,1,Gasoline,7457.6,477.92
Indigenous and Northern Affairs Canada,FY 2010-11,fleets,1,"Fuel oil (1, 2, 4, 5, 6, diesel, kerosene)",926.15,66.01
Indigenous and Northern Affairs Canada,FY 2010-11,fleets,1,Fuels with renewable content,598.05,10.89
Indigenous and Northern Affairs Canada,FY 2011-12,fleets,1,Gasoline,7246.56,464.4
Indigenous and Northern Affairs Canada,FY 2011-12,fleets,1,"Fuel oil (1, 2, 4, 5, 6, diesel, kerosene)",695.22,49.55
Indigenous and Northern Affairs Canada,FY 2011-12,fleets,1,Fuels with renewable content,625.76,10.18
Indigenous and Northern Affairs Canada,FY 2012-13,fleets,1,Gasoline,6861.09,439.69
Indigenous and Northern Affairs Canada,FY 2012-13,fleets,1,"Fuel oil (1, 2, 4, 5, 6, diesel, kerosene)",567.81,40.47
Indigenous and Northern Affairs Canada,FY 2012-13,fleets,1,Fuels with renewable content,532.42,8.66
Indigenous and Northern Affairs Canada,FY 2013-14,fleets,1,Liquified petroleum gas,4.22,0.25
Indigenous and Northern Affairs Canada,FY 2013-14,fleets,1,Gasoline,6326.08,405.41
Indigenous and Northern Affairs Canada,FY 2013-14,fleets,1,"Fuel oil (1, 2, 4, 5, 6, diesel, kerosene)",612.77,43.67
Indigenous and Northern Affairs Canada,FY 2013-14,fleets,1,Fuels with renewable content,402.28,6.54
Indigenous and Northern Affairs Canada,FY 2014-15,fleets,1,Gasoline,5146.07,329.78
Indigenous and Northern Affairs Canada,FY 2014-15,fleets,1,"Fuel oil (1, 2, 4, 5, 6, diesel, kerosene)",67.89,4.82
Indigenous and Northern Affairs Canada,FY 2014-15,fleets,1,Fuels with renewable content,422.93,6.88
Indigenous and Northern Affairs Canada,FY 2015-16,fleets,1,Gasoline,5251.11,336.52
Indigenous and Northern Affairs Canada,FY 2015-16,fleets,1,"Fuel oil (1, 2, 4, 5, 6, diesel, kerosene)",41.15,2.93
Indigenous and Northern Affairs Canada,FY 2015-16,fleets,1,Fuels with renewable content,451.21,7.34
Indigenous and Northern Affairs Canada,FY 2016-17,fleets,1,Gasoline,6277.23,402.28
Indigenous and Northern Affairs Canada,FY 2016-17,fleets,1,"Fuel oil (1, 2, 4, 5, 6, diesel, kerosene)",16.56,1.18
Indigenous and Northern Affairs Canada,FY 2016-17,fleets,1,Fuels with renewable content,6.3,0.1
Canada Revenue Agency,FY 2005-06,fleets,1,Gasoline,5003.91,337.12
Canada Revenue Agency,FY 2005-06,fleets,1,"Fuel oil (1, 2, 4, 5, 6, diesel, kerosene)",925.9,65.99
Canada Revenue Agency,FY 2010-11,fleets,1,Gasoline,3925.49,251.56
Canada Revenue Agency,FY 2010-11,fleets,1,"Fuel oil (1, 2, 4, 5, 6, diesel, kerosene)",821.22,58.53
Canada Revenue Agency,FY 2010-11,fleets,1,Fuels with renewable content,1001.07,62.83
Canada Revenue Agency,FY 2011-12,fleets,1,Gasoline,4425.57,283.61
Canada Revenue Agency,FY 2011-12,fleets,1,"Fuel oil (1, 2, 4, 5, 6, diesel, kerosene)",766.16,54.38
Canada Revenue Agency,FY 2011-12,fleets,1,Fuels with renewable content,559.43,35.16
Canada Revenue Agency,FY 2012-13,fleets,1,Gasoline,3838.62,246
Canada Revenue Agency,FY 2012-13,fleets,1,"Fuel oil (1, 2, 4, 5, 6, diesel, kerosene)",714.32,50.89
Canada Revenue Agency,FY 2012-13,fleets,1,Fuels with renewable content,430.32,27.05
Canada Revenue Agency,FY 2013-14,fleets,1,Gasoline,3496.01,224.04
Canada Revenue Agency,FY 2013-14,fleets,1,"Fuel oil (1, 2, 4, 5, 6, diesel, kerosene)",735.85,52.45
Canada Revenue Agency,FY 2013-14,fleets,1,Fuels with renewable content,346.52,21.78
Canada Revenue Agency,FY 2014-15,fleets,1,Gasoline,3259.48,208.88
Canada Revenue Agency,FY 2014-15,fleets,1,"Fuel oil (1, 2, 4, 5, 6, diesel, kerosene)",461.97,32.92
Canada Revenue Agency,FY 2014-15,fleets,1,Fuels with renewable content,311.64,19.59
Canada Revenue Agency,FY 2015-16,fleets,1,Gasoline,2918.68,187.04
Canada Revenue Agency,FY 2015-16,fleets,1,"Fuel oil (1, 2, 4, 5, 6, diesel, kerosene)",332.62,23.7
Canada Revenue Agency,FY 2015-16,fleets,1,Fuels with renewable content,261.08,16.41
Canada Revenue Agency,FY 2016-17,fleets,1,Gasoline,3120.72,199.99
Canada Revenue Agency,FY 2016-17,fleets,1,"Fuel oil (1, 2, 4, 5, 6, diesel, kerosene)",513.84,36.62
Canada Revenue Agency,FY 2016-17,fleets,1,Fuels with renewable content,9.33,0.15
"Immigration, Refugees and Citizenship Canada",FY 2005-06,fleets,1,Gasoline,1392.32,93.8
"Immigration, Refugees and Citizenship Canada",FY 2010-11,fleets,1,Gasoline,1072.96,68.76
"Immigration, Refugees and Citizenship Canada",FY 2010-11,fleets,1,Fuels with renewable content,230.18,14.47
"Immigration, Refugees and Citizenship Canada",FY 2011-12,fleets,1,Gasoline,684.61,43.87
"Immigration, Refugees and Citizenship Canada",FY 2011-12,fleets,1,Fuels with renewable content,285.37,17.93
"Immigration, Refugees and Citizenship Canada",FY 2012-13,fleets,1,Gasoline,829.72,53.17
"Immigration, Refugees and Citizenship Canada",FY 2012-13,fleets,1,Fuels with renewable content,268.9,16.9
"Immigration, Refugees and Citizenship Canada",FY 2013-14,fleets,1,Gasoline,640.19,41.02
"Immigration, Refugees and Citizenship Canada",FY 2014-15,fleets,1,Gasoline,743.46,47.64
"Immigration, Refugees and Citizenship Canada",FY 2015-16,fleets,1,Gasoline,846.41,54.24
"Immigration, Refugees and Citizenship Canada",FY 2016-17,fleets,1,Gasoline,797.27,51.09
